index,Depression
473,No
442,No
265,No
447,No
398,No
176,No
35,No
231,No
380,No
281,No
369,No
148,No
126,No
299,No
352,No
163,No
258,No
320,No
97,No
308,No
145,No
255,No
228,No
43,No
498,No
416,No
110,No
204,No
457,No
467,No
431,No
332,No
233,No
490,No
103,No
400,No
198,No
89,No
180,No
95,No
288,No
350,No
212,No
361,No
325,No
153,No
297,No
182,No
91,No
321,No
405,No
1,No
314,No
117,No
84,No
237,No
15,No
175,No
399,No
304,No
259,No
166,No
101,No
425,No
378,No
407,No
257,No
469,No
116,No
208,No
82,No
5,No
484,No
373,No
328,No
199,No
13,No
223,No
460,No
436,No
296,No
309,No
491,No
481,No
245,No
500,No
11,No
412,No
408,No
193,No
449,No
106,No
453,No
492,No
295,No
322,No
205,No
343,No
44,No
65,No
375,No
